FileName,EF,ESV,EDV,FrameHeight,FrameWidth,FPS,NumberOfFrames,Split
filename1,78.49840597,14.88136797,69.21053366,112,112,50,174,VAL
filename2,55.95179045,47.45383119,107.7315779,112,112,50,248,TEST
filename3,36.57373876,81.74728111,128.8855429,112,112,38,101,TRAIN